,index,Worm ID,Strain,Day,Progeny Count,Diet
0,0,1,RSC017,Day 1,27,OP50
1,1,2,RSC017,Day 1,24,OP50
2,2,3,RSC017,Day 1,26,OP50
3,3,4,RSC017,Day 1,7,OP50
4,4,5,RSC017,Day 1,23,OP50
5,5,6,RSC017,Day 1,13,OP50
6,6,7,RSC017,Day 1,30,OP50
7,7,8,RSC017,Day 1,14,OP50
8,8,9,RSC017,Day 1,26,OP50
9,9,10,RSC017,Day 1,20,OP50
10,10,11,RSC017,Day 1,24,OP50
11,11,12,RSC017,Day 1,20,OP50
12,12,13,RSC017,Day 1,25,OP50
13,13,14,RSC017,Day 1,25,OP50
14,14,15,RSC017,Day 1,35,OP50
15,15,16,RSC017,Day 1,23,OP50
16,16,17,RSC017,Day 1,25,OP50
17,17,18,RSC017,Day 1,19,OP50
18,18,19,RSC017,Day 1,20,OP50
19,19,20,RSC017,Day 1,28,OP50
20,20,21,RSC017,Day 1,12,OP50
21,21,22,RSC017,Day 1,23,OP50
22,22,23,RSC017,Day 1,22,OP50
23,23,24,RSC017,Day 1,29,OP50
24,24,25,RSC017,Day 1,23,OP50
25,25,26,RSC017,Day 1,21,OP50
26,26,27,RSC017,Day 1,26,OP50
27,27,28,RSC017,Day 1,17,OP50
28,28,29,RSC017,Day 1,18,OP50
29,29,30,RSC017,Day 1,32,OP50
30,30,31,RSC017,Day 1,15,OP50
31,31,32,RSC017,Day 1,25,OP50
32,32,33,RSC017,Day 1,15,OP50
33,33,34,RSC017,Day 1,28,OP50
34,34,35,RSC017,Day 1,28,OP50
35,35,36,RSC017,Day 1,13,OP50
36,36,37,RSC017,Day 1,36,OP50
37,37,38,RSC017,Day 1,25,OP50
38,38,39,RSC017,Day 1,26,OP50
39,39,40,RSC017,Day 1,18,OP50
40,40,41,RSC017,Day 1,40,OP50
41,41,42,RSC017,Day 1,44,OP50
42,42,43,RSC017,Day 1,46,OP50
43,43,44,RSC017,Day 1,35,OP50
44,44,45,RSC017,Day 1,34,OP50
45,45,46,RSC017,Day 1,48,OP50
46,46,47,RSC017,Day 1,24,OP50
47,47,48,RSC017,Day 1,55,OP50
48,48,49,RSC017,Day 1,46,OP50
49,49,50,RSC017,Day 1,17,OP50
50,50,1,RSC017,Day 2,80,OP50
51,51,2,RSC017,Day 2,68,OP50
52,52,3,RSC017,Day 2,61,OP50
53,53,4,RSC017,Day 2,65,OP50
54,54,5,RSC017,Day 2,76,OP50
55,55,6,RSC017,Day 2,50,OP50
56,56,7,RSC017,Day 2,79,OP50
57,57,8,RSC017,Day 2,65,OP50
58,58,9,RSC017,Day 2,75,OP50
59,59,10,RSC017,Day 2,74,OP50
60,60,11,RSC017,Day 2,76,OP50
61,61,12,RSC017,Day 2,60,OP50
62,62,13,RSC017,Day 2,60,OP50
63,63,14,RSC017,Day 2,66,OP50
64,64,15,RSC017,Day 2,76,OP50
65,65,16,RSC017,Day 2,79,OP50
66,66,17,RSC017,Day 2,52,OP50
67,67,18,RSC017,Day 2,57,OP50
68,68,19,RSC017,Day 2,71,OP50
69,69,20,RSC017,Day 2,63,OP50
70,70,21,RSC017,Day 2,72,OP50
71,71,22,RSC017,Day 2,84,OP50
72,72,23,RSC017,Day 2,77,OP50
73,73,24,RSC017,Day 2,76,OP50
74,74,25,RSC017,Day 2,75,OP50
75,75,26,RSC017,Day 2,66,OP50
76,76,27,RSC017,Day 2,68,OP50
77,77,28,RSC017,Day 2,59,OP50
78,78,29,RSC017,Day 2,54,OP50
79,79,30,RSC017,Day 2,73,OP50
80,80,31,RSC017,Day 2,54,OP50
81,81,32,RSC017,Day 2,79,OP50
82,82,33,RSC017,Day 2,38,OP50
83,83,34,RSC017,Day 2,71,OP50
84,84,35,RSC017,Day 2,68,OP50
85,85,36,RSC017,Day 2,66,OP50
86,86,37,RSC017,Day 2,84,OP50
87,87,38,RSC017,Day 2,74,OP50
88,88,39,RSC017,Day 2,82,OP50
89,89,40,RSC017,Day 2,65,OP50
90,90,41,RSC017,Day 2,37,OP50
91,91,42,RSC017,Day 2,58,OP50
92,92,43,RSC017,Day 2,45,OP50
93,93,44,RSC017,Day 2,36,OP50
94,94,45,RSC017,Day 2,45,OP50
95,95,46,RSC017,Day 2,54,OP50
96,96,47,RSC017,Day 2,52,OP50
97,97,48,RSC017,Day 2,63,OP50
98,98,49,RSC017,Day 2,62,OP50
99,99,50,RSC017,Day 2,59,OP50
100,100,1,RSC017,Day 3,56,OP50
101,101,2,RSC017,Day 3,75,OP50
102,102,3,RSC017,Day 3,60,OP50
103,103,4,RSC017,Day 3,56,OP50
104,104,5,RSC017,Day 3,80,OP50
105,105,6,RSC017,Day 3,28,OP50
106,106,7,RSC017,Day 3,66,OP50
107,107,8,RSC017,Day 3,60,OP50
108,108,9,RSC017,Day 3,60,OP50
109,109,10,RSC017,Day 3,88,OP50
110,110,11,RSC017,Day 3,70,OP50
111,111,12,RSC017,Day 3,33,OP50
112,112,13,RSC017,Day 3,63,OP50
113,113,14,RSC017,Day 3,46,OP50
114,114,15,RSC017,Day 3,49,OP50
115,115,16,RSC017,Day 3,51,OP50
116,116,17,RSC017,Day 3,54,OP50
117,117,18,RSC017,Day 3,55,OP50
118,118,19,RSC017,Day 3,69,OP50
119,119,20,RSC017,Day 3,25,OP50
120,120,21,RSC017,Day 3,75,OP50
121,121,22,RSC017,Day 3,43,OP50
122,122,23,RSC017,Day 3,56,OP50
123,123,24,RSC017,Day 3,38,OP50
124,124,25,RSC017,Day 3,54,OP50
125,125,26,RSC017,Day 3,52,OP50
126,126,27,RSC017,Day 3,64,OP50
127,127,28,RSC017,Day 3,54,OP50
128,128,29,RSC017,Day 3,49,OP50
129,129,30,RSC017,Day 3,64,OP50
130,130,31,RSC017,Day 3,18,OP50
131,131,32,RSC017,Day 3,80,OP50
132,132,33,RSC017,Day 3,39,OP50
133,133,34,RSC017,Day 3,67,OP50
134,134,35,RSC017,Day 3,62,OP50
135,135,36,RSC017,Day 3,63,OP50
136,136,37,RSC017,Day 3,68,OP50
137,137,38,RSC017,Day 3,62,OP50
138,138,39,RSC017,Day 3,74,OP50
139,139,40,RSC017,Day 3,56,OP50
140,140,41,RSC017,Day 3,23,OP50
141,141,42,RSC017,Day 3,34,OP50
142,142,43,RSC017,Day 3,28,OP50
143,143,44,RSC017,Day 3,10,OP50
144,144,45,RSC017,Day 3,35,OP50
145,145,46,RSC017,Day 3,26,OP50
146,146,47,RSC017,Day 3,23,OP50
147,147,48,RSC017,Day 3,40,OP50
148,148,49,RSC017,Day 3,16,OP50
149,149,50,RSC017,Day 3,39,OP50
150,150,1,RSC017,Day 4,25,OP50
151,151,2,RSC017,Day 4,37,OP50
152,152,3,RSC017,Day 4,26,OP50
153,153,4,RSC017,Day 4,16,OP50
154,154,5,RSC017,Day 4,14,OP50
155,155,6,RSC017,Day 4,36,OP50
156,156,7,RSC017,Day 4,45,OP50
157,157,8,RSC017,Day 4,61,OP50
158,158,9,RSC017,Day 4,41,OP50
159,159,10,RSC017,Day 4,50,OP50
160,160,11,RSC017,Day 4,47,OP50
161,161,12,RSC017,Day 4,41,OP50
162,162,13,RSC017,Day 4,44,OP50
163,163,14,RSC017,Day 4,12,OP50
164,164,15,RSC017,Day 4,41,OP50
165,165,16,RSC017,Day 4,50,OP50
166,166,17,RSC017,Day 4,23,OP50
167,167,18,RSC017,Day 4,73,OP50
168,168,19,RSC017,Day 4,45,OP50
169,169,20,RSC017,Day 4,9,OP50
170,170,21,RSC017,Day 4,36,OP50
171,171,22,RSC017,Day 4,3,OP50
172,172,23,RSC017,Day 4,20,OP50
173,173,24,RSC017,Day 4,27,OP50
174,174,25,RSC017,Day 4,40,OP50
175,175,26,RSC017,Day 4,50,OP50
176,176,27,RSC017,Day 4,20,OP50
177,177,28,RSC017,Day 4,56,OP50
178,178,29,RSC017,Day 4,28,OP50
179,179,30,RSC017,Day 4,26,OP50
180,180,31,RSC017,Day 4,5,OP50
181,181,32,RSC017,Day 4,39,OP50
182,182,33,RSC017,Day 4,0,OP50
183,183,34,RSC017,Day 4,40,OP50
184,184,35,RSC017,Day 4,17,OP50
185,185,36,RSC017,Day 4,72,OP50
186,186,37,RSC017,Day 4,20,OP50
187,187,38,RSC017,Day 4,59,OP50
188,188,39,RSC017,Day 4,24,OP50
189,189,40,RSC017,Day 4,18,OP50
190,190,41,RSC017,Day 4,16,OP50
191,191,42,RSC017,Day 4,3,OP50
192,192,43,RSC017,Day 4,11,OP50
193,193,44,RSC017,Day 4,10,OP50
194,194,45,RSC017,Day 4,11,OP50
195,195,46,RSC017,Day 4,9,OP50
196,196,47,RSC017,Day 4,21,OP50
197,197,48,RSC017,Day 4,11,OP50
198,198,49,RSC017,Day 4,5,OP50
199,199,50,RSC017,Day 4,42,OP50
200,200,1,RSC017,Day 5,6,OP50
201,201,2,RSC017,Day 5,2,OP50
202,202,3,RSC017,Day 5,2,OP50
203,203,4,RSC017,Day 5,0,OP50
204,204,5,RSC017,Day 5,0,OP50
205,205,6,RSC017,Day 5,11,OP50
206,206,7,RSC017,Day 5,2,OP50
207,207,8,RSC017,Day 5,7,OP50
208,208,9,RSC017,Day 5,2,OP50
209,209,10,RSC017,Day 5,3,OP50
210,210,11,RSC017,Day 5,6,OP50
211,211,12,RSC017,Day 5,18,OP50
212,212,13,RSC017,Day 5,7,OP50
213,213,14,RSC017,Day 5,4,OP50
214,214,15,RSC017,Day 5,0,OP50
215,215,16,RSC017,Day 5,6,OP50
216,216,17,RSC017,Day 5,6,OP50
217,217,18,RSC017,Day 5,3,OP50
218,218,19,RSC017,Day 5,7,OP50
219,219,20,RSC017,Day 5,16,OP50
220,220,21,RSC017,Day 5,1,OP50
221,221,22,RSC017,Day 5,0,OP50
222,222,23,RSC017,Day 5,5,OP50
223,223,24,RSC017,Day 5,26,OP50
224,224,25,RSC017,Day 5,7,OP50
225,225,26,RSC017,Day 5,2,OP50
226,226,27,RSC017,Day 5,4,OP50
227,227,28,RSC017,Day 5,9,OP50
228,228,29,RSC017,Day 5,1,OP50
229,229,30,RSC017,Day 5,2,OP50
230,230,31,RSC017,Day 5,8,OP50
231,231,32,RSC017,Day 5,2,OP50
232,232,33,RSC017,Day 5,0,OP50
233,233,34,RSC017,Day 5,0,OP50
234,234,35,RSC017,Day 5,0,OP50
235,235,36,RSC017,Day 5,17,OP50
236,236,37,RSC017,Day 5,1,OP50
237,237,38,RSC017,Day 5,1,OP50
238,238,39,RSC017,Day 5,0,OP50
239,239,40,RSC017,Day 5,5,OP50
240,240,41,RSC017,Day 5,9,OP50
241,241,42,RSC017,Day 5,0,OP50
242,242,43,RSC017,Day 5,4,OP50
243,243,44,RSC017,Day 5,16,OP50
244,244,45,RSC017,Day 5,5,OP50
245,245,46,RSC017,Day 5,2,OP50
246,246,47,RSC017,Day 5,3,OP50
247,247,48,RSC017,Day 5,1,OP50
248,248,49,RSC017,Day 5,1,OP50
249,249,50,RSC017,Day 5,6,OP50
250,250,51,RS5405,Day 1,31,OP50
251,251,52,RS5405,Day 1,16,OP50
252,252,53,RS5405,Day 1,16,OP50
253,253,54,RS5405,Day 1,9,OP50
254,254,55,RS5405,Day 1,15,OP50
255,255,56,RS5405,Day 1,24,OP50
256,256,57,RS5405,Day 1,11,OP50
257,257,58,RS5405,Day 1,21,OP50
258,258,59,RS5405,Day 1,12,OP50
259,259,60,RS5405,Day 1,16,OP50
260,260,61,RS5405,Day 1,15,OP50
261,261,62,RS5405,Day 1,18,OP50
262,262,63,RS5405,Day 1,22,OP50
263,263,64,RS5405,Day 1,21,OP50
264,264,65,RS5405,Day 1,26,OP50
265,265,66,RS5405,Day 1,23,OP50
266,266,67,RS5405,Day 1,17,OP50
267,267,68,RS5405,Day 1,23,OP50
268,268,69,RS5405,Day 1,27,OP50
269,269,70,RS5405,Day 1,18,OP50
270,270,71,RS5405,Day 1,18,OP50
271,271,72,RS5405,Day 1,20,OP50
272,272,73,RS5405,Day 1,20,OP50
273,273,74,RS5405,Day 1,18,OP50
274,274,75,RS5405,Day 1,26,OP50
275,275,76,RS5405,Day 1,19,OP50
276,276,77,RS5405,Day 1,19,OP50
277,277,78,RS5405,Day 1,15,OP50
278,278,79,RS5405,Day 1,21,OP50
279,279,80,RS5405,Day 1,30,OP50
280,280,81,RS5405,Day 1,16,OP50
281,281,82,RS5405,Day 1,17,OP50
282,282,83,RS5405,Day 1,20,OP50
283,283,84,RS5405,Day 1,27,OP50
284,284,85,RS5405,Day 1,10,OP50
285,285,86,RS5405,Day 1,18,OP50
286,286,87,RS5405,Day 1,22,OP50
287,287,88,RS5405,Day 1,20,OP50
288,288,89,RS5405,Day 1,29,OP50
289,289,90,RS5405,Day 1,26,OP50
290,290,91,RS5405,Day 1,38,OP50
291,291,92,RS5405,Day 1,22,OP50
292,292,93,RS5405,Day 1,30,OP50
293,293,94,RS5405,Day 1,54,OP50
294,294,95,RS5405,Day 1,24,OP50
295,295,96,RS5405,Day 1,20,OP50
296,296,97,RS5405,Day 1,32,OP50
297,297,98,RS5405,Day 1,29,OP50
298,298,99,RS5405,Day 1,29,OP50
299,299,100,RS5405,Day 1,14,OP50
300,300,51,RS5405,Day 2,73,OP50
301,301,52,RS5405,Day 2,57,OP50
302,302,53,RS5405,Day 2,64,OP50
303,303,54,RS5405,Day 2,59,OP50
304,304,55,RS5405,Day 2,64,OP50
305,305,56,RS5405,Day 2,59,OP50
306,306,57,RS5405,Day 2,53,OP50
307,307,58,RS5405,Day 2,78,OP50
308,308,59,RS5405,Day 2,45,OP50
309,309,60,RS5405,Day 2,54,OP50
310,310,61,RS5405,Day 2,65,OP50
311,311,62,RS5405,Day 2,52,OP50
312,312,63,RS5405,Day 2,53,OP50
313,313,64,RS5405,Day 2,38,OP50
314,314,65,RS5405,Day 2,32,OP50
315,315,66,RS5405,Day 2,69,OP50
316,316,67,RS5405,Day 2,85,OP50
317,317,68,RS5405,Day 2,61,OP50
318,318,69,RS5405,Day 2,62,OP50
319,319,70,RS5405,Day 2,62,OP50
320,320,71,RS5405,Day 2,64,OP50
321,321,72,RS5405,Day 2,61,OP50
322,322,73,RS5405,Day 2,74,OP50
323,323,74,RS5405,Day 2,36,OP50
324,324,75,RS5405,Day 2,62,OP50
325,325,76,RS5405,Day 2,52,OP50
326,326,77,RS5405,Day 2,42,OP50
327,327,78,RS5405,Day 2,70,OP50
328,328,79,RS5405,Day 2,50,OP50
329,329,80,RS5405,Day 2,68,OP50
330,330,81,RS5405,Day 2,81,OP50
331,331,82,RS5405,Day 2,59,OP50
332,332,83,RS5405,Day 2,78,OP50
333,333,84,RS5405,Day 2,65,OP50
334,334,85,RS5405,Day 2,40,OP50
335,335,86,RS5405,Day 2,73,OP50
336,336,87,RS5405,Day 2,77,OP50
337,337,88,RS5405,Day 2,52,OP50
338,338,89,RS5405,Day 2,85,OP50
339,339,90,RS5405,Day 2,38,OP50
340,340,91,RS5405,Day 2,71,OP50
341,341,92,RS5405,Day 2,41,OP50
342,342,93,RS5405,Day 2,2,OP50
343,343,94,RS5405,Day 2,51,OP50
344,344,95,RS5405,Day 2,36,OP50
345,345,96,RS5405,Day 2,40,OP50
346,346,97,RS5405,Day 2,57,OP50
347,347,98,RS5405,Day 2,31,OP50
348,348,99,RS5405,Day 2,59,OP50
349,349,100,RS5405,Day 2,5,OP50
350,350,51,RS5405,Day 3,40,OP50
351,351,52,RS5405,Day 3,53,OP50
352,352,53,RS5405,Day 3,55,OP50
353,353,54,RS5405,Day 3,57,OP50
354,354,55,RS5405,Day 3,34,OP50
355,355,56,RS5405,Day 3,47,OP50
356,356,57,RS5405,Day 3,36,OP50
357,357,58,RS5405,Day 3,66,OP50
358,358,59,RS5405,Day 3,33,OP50
359,359,60,RS5405,Day 3,30,OP50
360,360,61,RS5405,Day 3,39,OP50
361,361,62,RS5405,Day 3,29,OP50
362,362,63,RS5405,Day 3,64,OP50
363,363,64,RS5405,Day 3,11,OP50
364,364,65,RS5405,Day 3,7,OP50
365,365,66,RS5405,Day 3,46,OP50
366,366,67,RS5405,Day 3,66,OP50
367,367,68,RS5405,Day 3,41,OP50
368,368,69,RS5405,Day 3,46,OP50
369,369,70,RS5405,Day 3,43,OP50
370,370,71,RS5405,Day 3,31,OP50
371,371,72,RS5405,Day 3,49,OP50
372,372,73,RS5405,Day 3,67,OP50
373,373,74,RS5405,Day 3,1,OP50
374,374,75,RS5405,Day 3,67,OP50
375,375,76,RS5405,Day 3,32,OP50
376,376,77,RS5405,Day 3,15,OP50
377,377,78,RS5405,Day 3,63,OP50
378,378,79,RS5405,Day 3,22,OP50
379,379,80,RS5405,Day 3,55,OP50
380,380,81,RS5405,Day 3,74,OP50
381,381,82,RS5405,Day 3,39,OP50
382,382,83,RS5405,Day 3,72,OP50
383,383,84,RS5405,Day 3,43,OP50
384,384,85,RS5405,Day 3,50,OP50
385,385,86,RS5405,Day 3,54,OP50
386,386,87,RS5405,Day 3,52,OP50
387,387,88,RS5405,Day 3,30,OP50
388,388,89,RS5405,Day 3,59,OP50
389,389,90,RS5405,Day 3,3,OP50
390,390,91,RS5405,Day 3,31,OP50
391,391,92,RS5405,Day 3,36,OP50
392,392,93,RS5405,Day 3,0,OP50
393,393,94,RS5405,Day 3,27,OP50
394,394,95,RS5405,Day 3,12,OP50
395,395,96,RS5405,Day 3,10,OP50
396,396,97,RS5405,Day 3,31,OP50
397,397,98,RS5405,Day 3,14,OP50
398,398,99,RS5405,Day 3,53,OP50
399,399,100,RS5405,Day 3,0,OP50
400,400,51,RS5405,Day 4,0,OP50
401,401,52,RS5405,Day 4,57,OP50
402,402,53,RS5405,Day 4,20,OP50
403,403,54,RS5405,Day 4,0,OP50
404,404,55,RS5405,Day 4,31,OP50
405,405,56,RS5405,Day 4,36,OP50
406,406,57,RS5405,Day 4,10,OP50
407,407,58,RS5405,Day 4,40,OP50
408,408,59,RS5405,Day 4,15,OP50
409,409,60,RS5405,Day 4,17,OP50
410,410,61,RS5405,Day 4,6,OP50
411,411,62,RS5405,Day 4,22,OP50
412,412,63,RS5405,Day 4,36,OP50
413,413,64,RS5405,Day 4,0,OP50
414,414,65,RS5405,Day 4,0,OP50
415,415,66,RS5405,Day 4,39,OP50
416,416,67,RS5405,Day 4,23,OP50
417,417,68,RS5405,Day 4,3,OP50
418,418,69,RS5405,Day 4,13,OP50
419,419,70,RS5405,Day 4,9,OP50
420,420,71,RS5405,Day 4,8,OP50
421,421,72,RS5405,Day 4,4,OP50
422,422,73,RS5405,Day 4,10,OP50
423,423,74,RS5405,Day 4,0,OP50
424,424,75,RS5405,Day 4,63,OP50
425,425,76,RS5405,Day 4,25,OP50
426,426,77,RS5405,Day 4,23,OP50
427,427,78,RS5405,Day 4,29,OP50
428,428,79,RS5405,Day 4,24,OP50
429,429,80,RS5405,Day 4,44,OP50
430,430,81,RS5405,Day 4,41,OP50
431,431,82,RS5405,Day 4,36,OP50
432,432,83,RS5405,Day 4,22,OP50
433,433,84,RS5405,Day 4,2,OP50
434,434,85,RS5405,Day 4,8,OP50
435,435,86,RS5405,Day 4,17,OP50
436,436,87,RS5405,Day 4,20,OP50
437,437,88,RS5405,Day 4,26,OP50
438,438,89,RS5405,Day 4,17,OP50
439,439,90,RS5405,Day 4,0,OP50
440,440,91,RS5405,Day 4,0,OP50
441,441,92,RS5405,Day 4,1,OP50
442,442,93,RS5405,Day 4,0,OP50
443,443,94,RS5405,Day 4,4,OP50
444,444,95,RS5405,Day 4,8,OP50
445,445,96,RS5405,Day 4,3,OP50
446,446,97,RS5405,Day 4,4,OP50
447,447,98,RS5405,Day 4,0,OP50
448,448,99,RS5405,Day 4,8,OP50
449,449,100,RS5405,Day 4,0,OP50
450,450,51,RS5405,Day 5,58,OP50
451,451,52,RS5405,Day 5,0,OP50
452,452,53,RS5405,Day 5,1,OP50
453,453,54,RS5405,Day 5,0,OP50
454,454,55,RS5405,Day 5,0,OP50
455,455,56,RS5405,Day 5,17,OP50
456,456,57,RS5405,Day 5,0,OP50
457,457,58,RS5405,Day 5,0,OP50
458,458,59,RS5405,Day 5,0,OP50
459,459,60,RS5405,Day 5,5,OP50
460,460,61,RS5405,Day 5,0,OP50
461,461,62,RS5405,Day 5,0,OP50
462,462,63,RS5405,Day 5,13,OP50
463,463,64,RS5405,Day 5,0,OP50
464,464,65,RS5405,Day 5,0,OP50
465,465,66,RS5405,Day 5,7,OP50
466,466,67,RS5405,Day 5,0,OP50
467,467,68,RS5405,Day 5,0,OP50
468,468,69,RS5405,Day 5,0,OP50
469,469,70,RS5405,Day 5,0,OP50
470,470,71,RS5405,Day 5,0,OP50
471,471,72,RS5405,Day 5,73,OP50
472,472,73,RS5405,Day 5,0,OP50
473,473,74,RS5405,Day 5,0,OP50
474,474,75,RS5405,Day 5,3,OP50
475,475,76,RS5405,Day 5,16,OP50
476,476,77,RS5405,Day 5,0,OP50
477,477,78,RS5405,Day 5,3,OP50
478,478,79,RS5405,Day 5,0,OP50
479,479,80,RS5405,Day 5,0,OP50
480,480,81,RS5405,Day 5,6,OP50
481,481,82,RS5405,Day 5,60,OP50
482,482,83,RS5405,Day 5,0,OP50
483,483,84,RS5405,Day 5,0,OP50
484,484,85,RS5405,Day 5,0,OP50
485,485,86,RS5405,Day 5,1,OP50
486,486,87,RS5405,Day 5,1,OP50
487,487,88,RS5405,Day 5,0,OP50
488,488,89,RS5405,Day 5,0,OP50
489,489,90,RS5405,Day 5,0,OP50
490,490,91,RS5405,Day 5,1,OP50
491,491,92,RS5405,Day 5,0,OP50
492,492,93,RS5405,Day 5,0,OP50
493,493,94,RS5405,Day 5,1,OP50
494,494,95,RS5405,Day 5,0,OP50
495,495,96,RS5405,Day 5,0,OP50
496,496,97,RS5405,Day 5,0,OP50
497,497,98,RS5405,Day 5,0,OP50
498,498,99,RS5405,Day 5,0,OP50
499,499,100,RS5405,Day 5,0,OP50
500,0,1,RS5405,Day 1,31,Novo
501,1,2,RS5405,Day 1,21,Novo
502,2,3,RS5405,Day 1,17,Novo
503,3,5,RS5405,Day 1,19,Novo
504,4,6,RS5405,Day 1,26,Novo
505,5,7,RS5405,Day 1,15,Novo
506,6,8,RS5405,Day 1,19,Novo
507,7,9,RS5405,Day 1,12,Novo
508,8,10,RS5405,Day 1,29,Novo
509,9,11,RS5405,Day 1,27,Novo
510,10,12,RS5405,Day 1,20,Novo
511,11,13,RS5405,Day 1,34,Novo
512,12,14,RS5405,Day 1,24,Novo
513,13,15,RS5405,Day 1,11,Novo
514,14,16,RS5405,Day 1,17,Novo
515,15,17,RS5405,Day 1,26,Novo
516,16,18,RS5405,Day 1,28,Novo
517,17,19,RS5405,Day 1,16,Novo
518,18,20,RS5405,Day 1,17,Novo
519,19,22,RS5405,Day 1,27,Novo
520,20,23,RS5405,Day 1,20,Novo
521,21,24,RS5405,Day 1,18,Novo
522,22,26,RS5405,Day 1,4,Novo
523,23,27,RS5405,Day 1,16,Novo
524,24,28,RS5405,Day 1,10,Novo
525,25,29,RS5405,Day 1,15,Novo
526,26,31,RS5405,Day 1,10,Novo
527,27,32,RS5405,Day 1,3,Novo
528,28,33,RS5405,Day 1,6,Novo
529,29,34,RS5405,Day 1,13,Novo
530,30,35,RS5405,Day 1,4,Novo
531,31,36,RS5405,Day 1,11,Novo
532,32,37,RS5405,Day 1,28,Novo
533,33,38,RS5405,Day 1,18,Novo
534,34,39,RS5405,Day 1,13,Novo
535,35,40,RS5405,Day 1,15,Novo
536,36,41,RS5405,Day 1,11,Novo
537,37,42,RS5405,Day 1,10,Novo
538,38,44,RS5405,Day 1,0,Novo
539,39,45,RS5405,Day 1,2,Novo
540,40,46,RS5405,Day 1,12,Novo
541,41,49,RS5405,Day 1,32,Novo
542,42,50,RS5405,Day 1,19,Novo
543,43,1,RS5405,Day 2,106,Novo
544,44,2,RS5405,Day 2,110,Novo
545,45,3,RS5405,Day 2,105,Novo
546,46,5,RS5405,Day 2,95,Novo
547,47,6,RS5405,Day 2,70,Novo
548,48,7,RS5405,Day 2,64,Novo
549,49,8,RS5405,Day 2,79,Novo
550,50,9,RS5405,Day 2,106,Novo
551,51,10,RS5405,Day 2,84,Novo
552,52,11,RS5405,Day 2,61,Novo
553,53,12,RS5405,Day 2,67,Novo
554,54,13,RS5405,Day 2,95,Novo
555,55,14,RS5405,Day 2,74,Novo
556,56,15,RS5405,Day 2,98,Novo
557,57,16,RS5405,Day 2,108,Novo
558,58,17,RS5405,Day 2,88,Novo
559,59,18,RS5405,Day 2,101,Novo
560,60,19,RS5405,Day 2,58,Novo
561,61,20,RS5405,Day 2,97,Novo
562,62,22,RS5405,Day 2,101,Novo
563,63,23,RS5405,Day 2,86,Novo
564,64,24,RS5405,Day 2,100,Novo
565,65,26,RS5405,Day 2,62,Novo
566,66,27,RS5405,Day 2,97,Novo
567,67,28,RS5405,Day 2,51,Novo
568,68,29,RS5405,Day 2,89,Novo
569,69,31,RS5405,Day 2,71,Novo
570,70,32,RS5405,Day 2,71,Novo
571,71,33,RS5405,Day 2,75,Novo
572,72,34,RS5405,Day 2,77,Novo
573,73,35,RS5405,Day 2,76,Novo
574,74,36,RS5405,Day 2,77,Novo
575,75,37,RS5405,Day 2,46,Novo
576,76,38,RS5405,Day 2,80,Novo
577,77,39,RS5405,Day 2,79,Novo
578,78,40,RS5405,Day 2,68,Novo
579,79,41,RS5405,Day 2,66,Novo
580,80,42,RS5405,Day 2,74,Novo
581,81,44,RS5405,Day 2,73,Novo
582,82,45,RS5405,Day 2,61,Novo
583,83,46,RS5405,Day 2,75,Novo
584,84,49,RS5405,Day 2,90,Novo
585,85,50,RS5405,Day 2,62,Novo
586,86,1,RS5405,Day 3,95,Novo
587,87,2,RS5405,Day 3,59,Novo
588,88,3,RS5405,Day 3,125,Novo
589,89,5,RS5405,Day 3,91,Novo
590,90,6,RS5405,Day 3,47,Novo
591,91,7,RS5405,Day 3,79,Novo
592,92,8,RS5405,Day 3,77,Novo
593,93,9,RS5405,Day 3,67,Novo
594,94,10,RS5405,Day 3,71,Novo
595,95,11,RS5405,Day 3,85,Novo
596,96,12,RS5405,Day 3,55,Novo
597,97,13,RS5405,Day 3,83,Novo
598,98,14,RS5405,Day 3,75,Novo
599,99,15,RS5405,Day 3,71,Novo
600,100,16,RS5405,Day 3,101,Novo
601,101,17,RS5405,Day 3,116,Novo
602,102,18,RS5405,Day 3,75,Novo
603,103,19,RS5405,Day 3,57,Novo
604,104,20,RS5405,Day 3,65,Novo
605,105,22,RS5405,Day 3,92,Novo
606,106,23,RS5405,Day 3,54,Novo
607,107,24,RS5405,Day 3,76,Novo
608,108,26,RS5405,Day 3,45,Novo
609,109,27,RS5405,Day 3,85,Novo
610,110,28,RS5405,Day 3,68,Novo
611,111,29,RS5405,Day 3,83,Novo
612,112,31,RS5405,Day 3,75,Novo
613,113,32,RS5405,Day 3,81,Novo
614,114,33,RS5405,Day 3,91,Novo
615,115,34,RS5405,Day 3,71,Novo
616,116,35,RS5405,Day 3,118,Novo
617,117,36,RS5405,Day 3,95,Novo
618,118,37,RS5405,Day 3,17,Novo
619,119,38,RS5405,Day 3,75,Novo
620,120,39,RS5405,Day 3,76,Novo
621,121,40,RS5405,Day 3,75,Novo
622,122,41,RS5405,Day 3,64,Novo
623,123,42,RS5405,Day 3,87,Novo
624,124,44,RS5405,Day 3,95,Novo
625,125,45,RS5405,Day 3,52,Novo
626,126,46,RS5405,Day 3,102,Novo
627,127,49,RS5405,Day 3,72,Novo
628,128,50,RS5405,Day 3,98,Novo
629,129,1,RS5405,Day 4,14,Novo
630,130,2,RS5405,Day 4,18,Novo
631,131,3,RS5405,Day 4,32,Novo
632,132,5,RS5405,Day 4,34,Novo
633,133,6,RS5405,Day 4,8,Novo
634,134,7,RS5405,Day 4,28,Novo
635,135,8,RS5405,Day 4,12,Novo
636,136,9,RS5405,Day 4,1,Novo
637,137,10,RS5405,Day 4,1,Novo
638,138,11,RS5405,Day 4,45,Novo
639,139,12,RS5405,Day 4,3,Novo
640,140,13,RS5405,Day 4,5,Novo
641,141,14,RS5405,Day 4,26,Novo
642,142,15,RS5405,Day 4,2,Novo
643,143,16,RS5405,Day 4,12,Novo
644,144,17,RS5405,Day 4,7,Novo
645,145,18,RS5405,Day 4,3,Novo
646,146,19,RS5405,Day 4,49,Novo
647,147,20,RS5405,Day 4,21,Novo
648,148,22,RS5405,Day 4,5,Novo
649,149,23,RS5405,Day 4,0,Novo
650,150,24,RS5405,Day 4,2,Novo
651,151,26,RS5405,Day 4,14,Novo
652,152,27,RS5405,Day 4,7,Novo
653,153,28,RS5405,Day 4,13,Novo
654,154,29,RS5405,Day 4,17,Novo
655,155,31,RS5405,Day 4,26,Novo
656,156,32,RS5405,Day 4,27,Novo
657,157,33,RS5405,Day 4,3,Novo
658,158,34,RS5405,Day 4,14,Novo
659,159,35,RS5405,Day 4,21,Novo
660,160,36,RS5405,Day 4,7,Novo
661,161,37,RS5405,Day 4,10,Novo
662,162,38,RS5405,Day 4,29,Novo
663,163,39,RS5405,Day 4,21,Novo
664,164,40,RS5405,Day 4,12,Novo
665,165,41,RS5405,Day 4,5,Novo
666,166,42,RS5405,Day 4,30,Novo
667,167,44,RS5405,Day 4,44,Novo
668,168,45,RS5405,Day 4,40,Novo
669,169,46,RS5405,Day 4,22,Novo
670,170,49,RS5405,Day 4,5,Novo
671,171,50,RS5405,Day 4,5,Novo
672,172,1,RS5405,Day 5,0,Novo
673,173,2,RS5405,Day 5,0,Novo
674,174,3,RS5405,Day 5,0,Novo
675,175,5,RS5405,Day 5,2,Novo
676,176,6,RS5405,Day 5,0,Novo
677,177,7,RS5405,Day 5,2,Novo
678,178,8,RS5405,Day 5,0,Novo
679,179,9,RS5405,Day 5,0,Novo
680,180,10,RS5405,Day 5,0,Novo
681,181,11,RS5405,Day 5,4,Novo
682,182,12,RS5405,Day 5,0,Novo
683,183,13,RS5405,Day 5,0,Novo
684,184,14,RS5405,Day 5,4,Novo
685,185,15,RS5405,Day 5,0,Novo
686,186,16,RS5405,Day 5,0,Novo
687,187,17,RS5405,Day 5,0,Novo
688,188,18,RS5405,Day 5,0,Novo
689,189,19,RS5405,Day 5,4,Novo
690,190,20,RS5405,Day 5,0,Novo
691,191,22,RS5405,Day 5,1,Novo
692,192,23,RS5405,Day 5,0,Novo
693,193,24,RS5405,Day 5,0,Novo
694,194,26,RS5405,Day 5,6,Novo
695,195,27,RS5405,Day 5,0,Novo
696,196,28,RS5405,Day 5,2,Novo
697,197,29,RS5405,Day 5,0,Novo
698,198,31,RS5405,Day 5,1,Novo
699,199,32,RS5405,Day 5,0,Novo
700,200,33,RS5405,Day 5,0,Novo
701,201,34,RS5405,Day 5,0,Novo
702,202,35,RS5405,Day 5,0,Novo
703,203,36,RS5405,Day 5,0,Novo
704,204,37,RS5405,Day 5,1,Novo
705,205,38,RS5405,Day 5,2,Novo
706,206,39,RS5405,Day 5,1,Novo
707,207,40,RS5405,Day 5,0,Novo
708,208,41,RS5405,Day 5,1,Novo
709,209,42,RS5405,Day 5,1,Novo
710,210,44,RS5405,Day 5,6,Novo
711,211,45,RS5405,Day 5,19,Novo
712,212,46,RS5405,Day 5,3,Novo
713,213,49,RS5405,Day 5,0,Novo
714,214,50,RS5405,Day 5,0,Novo
715,0,1,RSC017,Day 1,11,Novo
716,1,2,RSC017,Day 1,17,Novo
717,2,3,RSC017,Day 1,15,Novo
718,3,4,RSC017,Day 1,15,Novo
719,4,5,RSC017,Day 1,14,Novo
720,5,7,RSC017,Day 1,8,Novo
721,6,8,RSC017,Day 1,5,Novo
722,7,9,RSC017,Day 1,16,Novo
723,8,10,RSC017,Day 1,15,Novo
724,9,11,RSC017,Day 1,8,Novo
725,10,12,RSC017,Day 1,12,Novo
726,11,13,RSC017,Day 1,15,Novo
727,12,14,RSC017,Day 1,21,Novo
728,13,15,RSC017,Day 1,9,Novo
729,14,17,RSC017,Day 1,18,Novo
730,15,18,RSC017,Day 1,21,Novo
731,16,19,RSC017,Day 1,15,Novo
732,17,20,RSC017,Day 1,22,Novo
733,18,22,RSC017,Day 1,14,Novo
734,19,23,RSC017,Day 1,4,Novo
735,20,24,RSC017,Day 1,11,Novo
736,21,25,RSC017,Day 1,23,Novo
737,22,26,RSC017,Day 1,11,Novo
738,23,27,RSC017,Day 1,8,Novo
739,24,28,RSC017,Day 1,1,Novo
740,25,29,RSC017,Day 1,13,Novo
741,26,30,RSC017,Day 1,9,Novo
742,27,31,RSC017,Day 1,22,Novo
743,28,32,RSC017,Day 1,10,Novo
744,29,33,RSC017,Day 1,17,Novo
745,30,34,RSC017,Day 1,19,Novo
746,31,35,RSC017,Day 1,11,Novo
747,32,36,RSC017,Day 1,5,Novo
748,33,37,RSC017,Day 1,13,Novo
749,34,38,RSC017,Day 1,7,Novo
750,35,39,RSC017,Day 1,20,Novo
751,36,40,RSC017,Day 1,16,Novo
752,37,41,RSC017,Day 1,6,Novo
753,38,42,RSC017,Day 1,0,Novo
754,39,43,RSC017,Day 1,0,Novo
755,40,44,RSC017,Day 1,4,Novo
756,41,45,RSC017,Day 1,11,Novo
757,42,46,RSC017,Day 1,6,Novo
758,43,47,RSC017,Day 1,7,Novo
759,44,48,RSC017,Day 1,5,Novo
760,45,49,RSC017,Day 1,7,Novo
761,46,50,RSC017,Day 1,11,Novo
762,47,1,RSC017,Day 2,77,Novo
763,48,2,RSC017,Day 2,90,Novo
764,49,3,RSC017,Day 2,58,Novo
765,50,4,RSC017,Day 2,63,Novo
766,51,5,RSC017,Day 2,65,Novo
767,52,7,RSC017,Day 2,32,Novo
768,53,8,RSC017,Day 2,53,Novo
769,54,9,RSC017,Day 2,59,Novo
770,55,10,RSC017,Day 2,58,Novo
771,56,11,RSC017,Day 2,64,Novo
772,57,12,RSC017,Day 2,78,Novo
773,58,13,RSC017,Day 2,82,Novo
774,59,14,RSC017,Day 2,62,Novo
775,60,15,RSC017,Day 2,21,Novo
776,61,17,RSC017,Day 2,64,Novo
777,62,18,RSC017,Day 2,78,Novo
778,63,19,RSC017,Day 2,71,Novo
779,64,20,RSC017,Day 2,71,Novo
780,65,22,RSC017,Day 2,81,Novo
781,66,23,RSC017,Day 2,65,Novo
782,67,24,RSC017,Day 2,23,Novo
783,68,25,RSC017,Day 2,71,Novo
784,69,26,RSC017,Day 2,82,Novo
785,70,27,RSC017,Day 2,59,Novo
786,71,28,RSC017,Day 2,45,Novo
787,72,29,RSC017,Day 2,71,Novo
788,73,30,RSC017,Day 2,62,Novo
789,74,31,RSC017,Day 2,52,Novo
790,75,32,RSC017,Day 2,48,Novo
791,76,33,RSC017,Day 2,79,Novo
792,77,34,RSC017,Day 2,92,Novo
793,78,35,RSC017,Day 2,77,Novo
794,79,36,RSC017,Day 2,37,Novo
795,80,37,RSC017,Day 2,80,Novo
796,81,38,RSC017,Day 2,77,Novo
797,82,39,RSC017,Day 2,86,Novo
798,83,40,RSC017,Day 2,59,Novo
799,84,41,RSC017,Day 2,50,Novo
800,85,42,RSC017,Day 2,49,Novo
801,86,43,RSC017,Day 2,25,Novo
802,87,44,RSC017,Day 2,61,Novo
803,88,45,RSC017,Day 2,76,Novo
804,89,46,RSC017,Day 2,62,Novo
805,90,47,RSC017,Day 2,34,Novo
806,91,48,RSC017,Day 2,72,Novo
807,92,49,RSC017,Day 2,72,Novo
808,93,50,RSC017,Day 2,46,Novo
809,94,1,RSC017,Day 3,50,Novo
810,95,2,RSC017,Day 3,48,Novo
811,96,3,RSC017,Day 3,40,Novo
812,97,4,RSC017,Day 3,49,Novo
813,98,5,RSC017,Day 3,45,Novo
814,99,7,RSC017,Day 3,45,Novo
815,100,8,RSC017,Day 3,52,Novo
816,101,9,RSC017,Day 3,47,Novo
817,102,10,RSC017,Day 3,42,Novo
818,103,11,RSC017,Day 3,83,Novo
819,104,12,RSC017,Day 3,43,Novo
820,105,13,RSC017,Day 3,64,Novo
821,106,14,RSC017,Day 3,36,Novo
822,107,15,RSC017,Day 3,25,Novo
823,108,17,RSC017,Day 3,64,Novo
824,109,18,RSC017,Day 3,35,Novo
825,110,19,RSC017,Day 3,61,Novo
826,111,20,RSC017,Day 3,36,Novo
827,112,22,RSC017,Day 3,52,Novo
828,113,23,RSC017,Day 3,40,Novo
829,114,24,RSC017,Day 3,38,Novo
830,115,25,RSC017,Day 3,79,Novo
831,116,26,RSC017,Day 3,44,Novo
832,117,27,RSC017,Day 3,44,Novo
833,118,28,RSC017,Day 3,39,Novo
834,119,29,RSC017,Day 3,41,Novo
835,120,30,RSC017,Day 3,43,Novo
836,121,31,RSC017,Day 3,44,Novo
837,122,32,RSC017,Day 3,48,Novo
838,123,33,RSC017,Day 3,47,Novo
839,124,34,RSC017,Day 3,24,Novo
840,125,35,RSC017,Day 3,69,Novo
841,126,36,RSC017,Day 3,21,Novo
842,127,37,RSC017,Day 3,38,Novo
843,128,38,RSC017,Day 3,45,Novo
844,129,39,RSC017,Day 3,68,Novo
845,130,40,RSC017,Day 3,47,Novo
846,131,41,RSC017,Day 3,62,Novo
847,132,42,RSC017,Day 3,47,Novo
848,133,43,RSC017,Day 3,35,Novo
849,134,44,RSC017,Day 3,48,Novo
850,135,45,RSC017,Day 3,56,Novo
851,136,46,RSC017,Day 3,37,Novo
852,137,47,RSC017,Day 3,23,Novo
853,138,48,RSC017,Day 3,48,Novo
854,139,49,RSC017,Day 3,80,Novo
855,140,50,RSC017,Day 3,43,Novo
856,141,1,RSC017,Day 4,11,Novo
857,142,2,RSC017,Day 4,0,Novo
858,143,3,RSC017,Day 4,19,Novo
859,144,4,RSC017,Day 4,2,Novo
860,145,5,RSC017,Day 4,5,Novo
861,146,7,RSC017,Day 4,36,Novo
862,147,8,RSC017,Day 4,21,Novo
863,148,9,RSC017,Day 4,7,Novo
864,149,10,RSC017,Day 4,16,Novo
865,150,11,RSC017,Day 4,31,Novo
866,151,12,RSC017,Day 4,5,Novo
867,152,13,RSC017,Day 4,0,Novo
868,153,14,RSC017,Day 4,3,Novo
869,154,15,RSC017,Day 4,6,Novo
870,155,17,RSC017,Day 4,3,Novo
871,156,18,RSC017,Day 4,14,Novo
872,157,19,RSC017,Day 4,5,Novo
873,158,20,RSC017,Day 4,0,Novo
874,159,22,RSC017,Day 4,2,Novo
875,160,23,RSC017,Day 4,13,Novo
876,161,24,RSC017,Day 4,8,Novo
877,162,25,RSC017,Day 4,32,Novo
878,163,26,RSC017,Day 4,9,Novo
879,164,27,RSC017,Day 4,8,Novo
880,165,28,RSC017,Day 4,18,Novo
881,166,29,RSC017,Day 4,0,Novo
882,167,30,RSC017,Day 4,8,Novo
883,168,31,RSC017,Day 4,17,Novo
884,169,32,RSC017,Day 4,45,Novo
885,170,33,RSC017,Day 4,11,Novo
886,171,34,RSC017,Day 4,0,Novo
887,172,35,RSC017,Day 4,7,Novo
888,173,36,RSC017,Day 4,31,Novo
889,174,37,RSC017,Day 4,0,Novo
890,175,38,RSC017,Day 4,17,Novo
891,176,39,RSC017,Day 4,5,Novo
892,177,40,RSC017,Day 4,4,Novo
893,178,41,RSC017,Day 4,20,Novo
894,179,42,RSC017,Day 4,44,Novo
895,180,43,RSC017,Day 4,34,Novo
896,181,44,RSC017,Day 4,15,Novo
897,182,45,RSC017,Day 4,28,Novo
898,183,46,RSC017,Day 4,29,Novo
899,184,47,RSC017,Day 4,17,Novo
900,185,48,RSC017,Day 4,32,Novo
901,186,49,RSC017,Day 4,11,Novo
902,187,50,RSC017,Day 4,6,Novo
903,188,1,RSC017,Day 5,0,Novo
904,189,2,RSC017,Day 5,0,Novo
905,190,3,RSC017,Day 5,0,Novo
906,191,4,RSC017,Day 5,0,Novo
907,192,5,RSC017,Day 5,0,Novo
908,193,7,RSC017,Day 5,3,Novo
909,194,8,RSC017,Day 5,0,Novo
910,195,9,RSC017,Day 5,0,Novo
911,196,10,RSC017,Day 5,0,Novo
912,197,11,RSC017,Day 5,0,Novo
913,198,12,RSC017,Day 5,0,Novo
914,199,13,RSC017,Day 5,0,Novo
915,200,14,RSC017,Day 5,0,Novo
916,201,15,RSC017,Day 5,0,Novo
917,202,17,RSC017,Day 5,0,Novo
918,203,18,RSC017,Day 5,0,Novo
919,204,19,RSC017,Day 5,0,Novo
920,205,20,RSC017,Day 5,0,Novo
921,206,22,RSC017,Day 5,0,Novo
922,207,23,RSC017,Day 5,0,Novo
923,208,24,RSC017,Day 5,0,Novo
924,209,25,RSC017,Day 5,0,Novo
925,210,26,RSC017,Day 5,0,Novo
926,211,27,RSC017,Day 5,0,Novo
927,212,28,RSC017,Day 5,0,Novo
928,213,29,RSC017,Day 5,0,Novo
929,214,30,RSC017,Day 5,0,Novo
930,215,31,RSC017,Day 5,0,Novo
931,216,32,RSC017,Day 5,0,Novo
932,217,33,RSC017,Day 5,0,Novo
933,218,34,RSC017,Day 5,0,Novo
934,219,35,RSC017,Day 5,0,Novo
935,220,36,RSC017,Day 5,0,Novo
936,221,37,RSC017,Day 5,0,Novo
937,222,38,RSC017,Day 5,0,Novo
938,223,39,RSC017,Day 5,0,Novo
939,224,40,RSC017,Day 5,0,Novo
940,225,41,RSC017,Day 5,1,Novo
941,226,42,RSC017,Day 5,9,Novo
942,227,43,RSC017,Day 5,0,Novo
943,228,44,RSC017,Day 5,1,Novo
944,229,45,RSC017,Day 5,0,Novo
945,230,46,RSC017,Day 5,6,Novo
946,231,47,RSC017,Day 5,2,Novo
947,232,48,RSC017,Day 5,12,Novo
948,233,49,RSC017,Day 5,0,Novo
949,234,50,RSC017,Day 5,0,Novo
950,0,1,RSC019,Day 1,19,Novo
951,1,2,RSC019,Day 1,12,Novo
952,2,3,RSC019,Day 1,16,Novo
953,3,4,RSC019,Day 1,15,Novo
954,4,5,RSC019,Day 1,7,Novo
955,5,6,RSC019,Day 1,13,Novo
956,6,7,RSC019,Day 1,8,Novo
957,7,8,RSC019,Day 1,12,Novo
958,8,10,RSC019,Day 1,2,Novo
959,9,11,RSC019,Day 1,23,Novo
960,10,14,RSC019,Day 1,17,Novo
961,11,15,RSC019,Day 1,9,Novo
962,12,16,RSC019,Day 1,29,Novo
963,13,17,RSC019,Day 1,12,Novo
964,14,18,RSC019,Day 1,15,Novo
965,15,19,RSC019,Day 1,21,Novo
966,16,20,RSC019,Day 1,13,Novo
967,17,21,RSC019,Day 1,23,Novo
968,18,22,RSC019,Day 1,14,Novo
969,19,23,RSC019,Day 1,11,Novo
970,20,24,RSC019,Day 1,26,Novo
971,21,25,RSC019,Day 1,17,Novo
972,22,26,RSC019,Day 1,16,Novo
973,23,27,RSC019,Day 1,22,Novo
974,24,28,RSC019,Day 1,28,Novo
975,25,29,RSC019,Day 1,17,Novo
976,26,30,RSC019,Day 1,19,Novo
977,27,31,RSC019,Day 1,14,Novo
978,28,32,RSC019,Day 1,23,Novo
979,29,33,RSC019,Day 1,25,Novo
980,30,35,RSC019,Day 1,20,Novo
981,31,36,RSC019,Day 1,11,Novo
982,32,37,RSC019,Day 1,12,Novo
983,33,38,RSC019,Day 1,16,Novo
984,34,39,RSC019,Day 1,27,Novo
985,35,40,RSC019,Day 1,24,Novo
986,36,41,RSC019,Day 1,2,Novo
987,37,42,RSC019,Day 1,10,Novo
988,38,43,RSC019,Day 1,22,Novo
989,39,44,RSC019,Day 1,8,Novo
990,40,45,RSC019,Day 1,22,Novo
991,41,46,RSC019,Day 1,22,Novo
992,42,47,RSC019,Day 1,18,Novo
993,43,48,RSC019,Day 1,25,Novo
994,44,49,RSC019,Day 1,22,Novo
995,45,1,RSC019,Day 2,50,Novo
996,46,2,RSC019,Day 2,73,Novo
997,47,3,RSC019,Day 2,73,Novo
998,48,4,RSC019,Day 2,80,Novo
999,49,5,RSC019,Day 2,50,Novo
1000,50,6,RSC019,Day 2,43,Novo
1001,51,7,RSC019,Day 2,74,Novo
1002,52,8,RSC019,Day 2,65,Novo
1003,53,10,RSC019,Day 2,29,Novo
1004,54,11,RSC019,Day 2,57,Novo
1005,55,14,RSC019,Day 2,74,Novo
1006,56,15,RSC019,Day 2,71,Novo
1007,57,16,RSC019,Day 2,94,Novo
1008,58,17,RSC019,Day 2,61,Novo
1009,59,18,RSC019,Day 2,38,Novo
1010,60,19,RSC019,Day 2,75,Novo
1011,61,20,RSC019,Day 2,76,Novo
1012,62,21,RSC019,Day 2,57,Novo
1013,63,22,RSC019,Day 2,70,Novo
1014,64,23,RSC019,Day 2,78,Novo
1015,65,24,RSC019,Day 2,86,Novo
1016,66,25,RSC019,Day 2,63,Novo
1017,67,26,RSC019,Day 2,69,Novo
1018,68,27,RSC019,Day 2,80,Novo
1019,69,28,RSC019,Day 2,94,Novo
1020,70,29,RSC019,Day 2,59,Novo
1021,71,30,RSC019,Day 2,98,Novo
1022,72,31,RSC019,Day 2,44,Novo
1023,73,32,RSC019,Day 2,81,Novo
1024,74,33,RSC019,Day 2,71,Novo
1025,75,35,RSC019,Day 2,92,Novo
1026,76,36,RSC019,Day 2,72,Novo
1027,77,37,RSC019,Day 2,54,Novo
1028,78,38,RSC019,Day 2,81,Novo
1029,79,39,RSC019,Day 2,81,Novo
1030,80,40,RSC019,Day 2,72,Novo
1031,81,41,RSC019,Day 2,33,Novo
1032,82,42,RSC019,Day 2,41,Novo
1033,83,43,RSC019,Day 2,72,Novo
1034,84,44,RSC019,Day 2,73,Novo
1035,85,45,RSC019,Day 2,50,Novo
1036,86,46,RSC019,Day 2,57,Novo
1037,87,47,RSC019,Day 2,59,Novo
1038,88,48,RSC019,Day 2,77,Novo
1039,89,49,RSC019,Day 2,39,Novo
1040,90,1,RSC019,Day 3,83,Novo
1041,91,2,RSC019,Day 3,86,Novo
1042,92,3,RSC019,Day 3,56,Novo
1043,93,4,RSC019,Day 3,86,Novo
1044,94,5,RSC019,Day 3,76,Novo
1045,95,6,RSC019,Day 3,41,Novo
1046,96,7,RSC019,Day 3,67,Novo
1047,97,8,RSC019,Day 3,38,Novo
1048,98,10,RSC019,Day 3,3,Novo
1049,99,11,RSC019,Day 3,45,Novo
1050,100,14,RSC019,Day 3,55,Novo
1051,101,15,RSC019,Day 3,50,Novo
1052,102,16,RSC019,Day 3,18,Novo
1053,103,17,RSC019,Day 3,72,Novo
1054,104,18,RSC019,Day 3,50,Novo
1055,105,19,RSC019,Day 3,49,Novo
1056,106,20,RSC019,Day 3,88,Novo
1057,107,21,RSC019,Day 3,63,Novo
1058,108,22,RSC019,Day 3,50,Novo
1059,109,23,RSC019,Day 3,78,Novo
1060,110,24,RSC019,Day 3,46,Novo
1061,111,25,RSC019,Day 3,88,Novo
1062,112,26,RSC019,Day 3,63,Novo
1063,113,27,RSC019,Day 3,54,Novo
1064,114,28,RSC019,Day 3,64,Novo
1065,115,29,RSC019,Day 3,55,Novo
1066,116,30,RSC019,Day 3,70,Novo
1067,117,31,RSC019,Day 3,41,Novo
1068,118,32,RSC019,Day 3,85,Novo
1069,119,33,RSC019,Day 3,87,Novo
1070,120,35,RSC019,Day 3,80,Novo
1071,121,36,RSC019,Day 3,68,Novo
1072,122,37,RSC019,Day 3,70,Novo
1073,123,38,RSC019,Day 3,76,Novo
1074,124,39,RSC019,Day 3,69,Novo
1075,125,40,RSC019,Day 3,87,Novo
1076,126,41,RSC019,Day 3,37,Novo
1077,127,42,RSC019,Day 3,34,Novo
1078,128,43,RSC019,Day 3,75,Novo
1079,129,44,RSC019,Day 3,73,Novo
1080,130,45,RSC019,Day 3,70,Novo
1081,131,46,RSC019,Day 3,43,Novo
1082,132,47,RSC019,Day 3,71,Novo
1083,133,48,RSC019,Day 3,86,Novo
1084,134,49,RSC019,Day 3,38,Novo
1085,135,1,RSC019,Day 4,48,Novo
1086,136,2,RSC019,Day 4,20,Novo
1087,137,3,RSC019,Day 4,2,Novo
1088,138,4,RSC019,Day 4,30,Novo
1089,139,5,RSC019,Day 4,65,Novo
1090,140,6,RSC019,Day 4,15,Novo
1091,141,7,RSC019,Day 4,17,Novo
1092,142,8,RSC019,Day 4,15,Novo
1093,143,10,RSC019,Day 4,0,Novo
1094,144,11,RSC019,Day 4,29,Novo
1095,145,14,RSC019,Day 4,11,Novo
1096,146,15,RSC019,Day 4,1,Novo
1097,147,16,RSC019,Day 4,0,Novo
1098,148,17,RSC019,Day 4,8,Novo
1099,149,18,RSC019,Day 4,48,Novo
1100,150,19,RSC019,Day 4,1,Novo
1101,151,20,RSC019,Day 4,7,Novo
1102,152,21,RSC019,Day 4,6,Novo
1103,153,22,RSC019,Day 4,1,Novo
1104,154,23,RSC019,Day 4,0,Novo
1105,155,24,RSC019,Day 4,0,Novo
1106,156,25,RSC019,Day 4,6,Novo
1107,157,26,RSC019,Day 4,7,Novo
1108,158,27,RSC019,Day 4,7,Novo
1109,159,28,RSC019,Day 4,4,Novo
1110,160,29,RSC019,Day 4,11,Novo
1111,161,30,RSC019,Day 4,1,Novo
1112,162,31,RSC019,Day 4,43,Novo
1113,163,32,RSC019,Day 4,9,Novo
1114,164,33,RSC019,Day 4,0,Novo
1115,165,35,RSC019,Day 4,0,Novo
1116,166,36,RSC019,Day 4,26,Novo
1117,167,37,RSC019,Day 4,1,Novo
1118,168,38,RSC019,Day 4,3,Novo
1119,169,39,RSC019,Day 4,1,Novo
1120,170,40,RSC019,Day 4,21,Novo
1121,171,41,RSC019,Day 4,15,Novo
1122,172,42,RSC019,Day 4,8,Novo
1123,173,43,RSC019,Day 4,21,Novo
1124,174,44,RSC019,Day 4,11,Novo
1125,175,45,RSC019,Day 4,21,Novo
1126,176,46,RSC019,Day 4,14,Novo
1127,177,47,RSC019,Day 4,5,Novo
1128,178,48,RSC019,Day 4,11,Novo
1129,179,49,RSC019,Day 4,35,Novo
1130,180,1,RSC019,Day 5,2,Novo
1131,181,2,RSC019,Day 5,10,Novo
1132,182,3,RSC019,Day 5,1,Novo
1133,183,4,RSC019,Day 5,0,Novo
1134,184,5,RSC019,Day 5,0,Novo
1135,185,6,RSC019,Day 5,0,Novo
1136,186,7,RSC019,Day 5,0,Novo
1137,187,8,RSC019,Day 5,0,Novo
1138,188,10,RSC019,Day 5,0,Novo
1139,189,11,RSC019,Day 5,3,Novo
1140,190,14,RSC019,Day 5,0,Novo
1141,191,15,RSC019,Day 5,0,Novo
1142,192,16,RSC019,Day 5,0,Novo
1143,193,17,RSC019,Day 5,0,Novo
1144,194,18,RSC019,Day 5,0,Novo
1145,195,19,RSC019,Day 5,0,Novo
1146,196,20,RSC019,Day 5,0,Novo
1147,197,21,RSC019,Day 5,0,Novo
1148,198,22,RSC019,Day 5,0,Novo
1149,199,23,RSC019,Day 5,0,Novo
1150,200,24,RSC019,Day 5,0,Novo
1151,201,25,RSC019,Day 5,0,Novo
1152,202,26,RSC019,Day 5,0,Novo
1153,203,27,RSC019,Day 5,0,Novo
1154,204,28,RSC019,Day 5,0,Novo
1155,205,29,RSC019,Day 5,0,Novo
1156,206,30,RSC019,Day 5,0,Novo
1157,207,31,RSC019,Day 5,6,Novo
1158,208,32,RSC019,Day 5,0,Novo
1159,209,33,RSC019,Day 5,0,Novo
1160,210,35,RSC019,Day 5,0,Novo
1161,211,36,RSC019,Day 5,0,Novo
1162,212,37,RSC019,Day 5,0,Novo
1163,213,38,RSC019,Day 5,1,Novo
1164,214,39,RSC019,Day 5,0,Novo
1165,215,40,RSC019,Day 5,0,Novo
1166,216,41,RSC019,Day 5,1,Novo
1167,217,42,RSC019,Day 5,0,Novo
1168,218,43,RSC019,Day 5,0,Novo
1169,219,44,RSC019,Day 5,0,Novo
1170,220,45,RSC019,Day 5,0,Novo
1171,221,46,RSC019,Day 5,0,Novo
1172,222,47,RSC019,Day 5,0,Novo
1173,223,48,RSC019,Day 5,0,Novo
1174,224,49,RSC019,Day 5,1,Novo
1175,0,1,RSC019,Day 1,23,OP50
1176,1,2,RSC019,Day 1,36,OP50
1177,2,3,RSC019,Day 1,29,OP50
1178,3,4,RSC019,Day 1,20,OP50
1179,4,5,RSC019,Day 1,11,OP50
1180,5,6,RSC019,Day 1,17,OP50
1181,6,7,RSC019,Day 1,17,OP50
1182,7,8,RSC019,Day 1,20,OP50
1183,8,9,RSC019,Day 1,14,OP50
1184,9,11,RSC019,Day 1,12,OP50
1185,10,12,RSC019,Day 1,2,OP50
1186,11,13,RSC019,Day 1,17,OP50
1187,12,14,RSC019,Day 1,24,OP50
1188,13,15,RSC019,Day 1,18,OP50
1189,14,16,RSC019,Day 1,19,OP50
1190,15,17,RSC019,Day 1,21,OP50
1191,16,18,RSC019,Day 1,18,OP50
1192,17,19,RSC019,Day 1,19,OP50
1193,18,21,RSC019,Day 1,12,OP50
1194,19,22,RSC019,Day 1,9,OP50
1195,20,23,RSC019,Day 1,36,OP50
1196,21,24,RSC019,Day 1,36,OP50
1197,22,25,RSC019,Day 1,19,OP50
1198,23,27,RSC019,Day 1,19,OP50
1199,24,28,RSC019,Day 1,15,OP50
1200,25,29,RSC019,Day 1,13,OP50
1201,26,31,RSC019,Day 1,15,OP50
1202,27,32,RSC019,Day 1,19,OP50
1203,28,33,RSC019,Day 1,19,OP50
1204,29,34,RSC019,Day 1,20,OP50
1205,30,35,RSC019,Day 1,18,OP50
1206,31,36,RSC019,Day 1,30,OP50
1207,32,37,RSC019,Day 1,44,OP50
1208,33,39,RSC019,Day 1,21,OP50
1209,34,40,RSC019,Day 1,29,OP50
1210,35,41,RSC019,Day 1,32,OP50
1211,36,42,RSC019,Day 1,12,OP50
1212,37,43,RSC019,Day 1,18,OP50
1213,38,44,RSC019,Day 1,23,OP50
1214,39,45,RSC019,Day 1,43,OP50
1215,40,46,RSC019,Day 1,18,OP50
1216,41,47,RSC019,Day 1,9,OP50
1217,42,48,RSC019,Day 1,13,OP50
1218,43,49,RSC019,Day 1,35,OP50
1219,44,50,RSC019,Day 1,56,OP50
1220,45,51,RSC019,Day 1,18,OP50
1221,46,52,RSC019,Day 1,6,OP50
1222,47,53,RSC019,Day 1,24,OP50
1223,48,54,RSC019,Day 1,22,OP50
1224,49,55,RSC019,Day 1,24,OP50
1225,50,56,RSC019,Day 1,28,OP50
1226,51,57,RSC019,Day 1,22,OP50
1227,52,58,RSC019,Day 1,33,OP50
1228,53,59,RSC019,Day 1,29,OP50
1229,54,60,RSC019,Day 1,25,OP50
1230,55,61,RSC019,Day 1,31,OP50
1231,56,62,RSC019,Day 1,15,OP50
1232,57,63,RSC019,Day 1,0,OP50
1233,58,64,RSC019,Day 1,23,OP50
1234,59,65,RSC019,Day 1,5,OP50
1235,60,67,RSC019,Day 1,15,OP50
1236,61,68,RSC019,Day 1,10,OP50
1237,62,69,RSC019,Day 1,18,OP50
1238,63,70,RSC019,Day 1,27,OP50
1239,64,71,RSC019,Day 1,21,OP50
1240,65,72,RSC019,Day 1,15,OP50
1241,66,73,RSC019,Day 1,32,OP50
1242,67,74,RSC019,Day 1,15,OP50
1243,68,75,RSC019,Day 1,23,OP50
1244,69,76,RSC019,Day 1,11,OP50
1245,70,77,RSC019,Day 1,20,OP50
1246,71,78,RSC019,Day 1,38,OP50
1247,72,79,RSC019,Day 1,14,OP50
1248,73,80,RSC019,Day 1,17,OP50
1249,74,81,RSC019,Day 1,36,OP50
1250,75,82,RSC019,Day 1,32,OP50
1251,76,83,RSC019,Day 1,12,OP50
1252,77,84,RSC019,Day 1,10,OP50
1253,78,85,RSC019,Day 1,11,OP50
1254,79,86,RSC019,Day 1,24,OP50
1255,80,87,RSC019,Day 1,26,OP50
1256,81,88,RSC019,Day 1,13,OP50
1257,82,89,RSC019,Day 1,17,OP50
1258,83,90,RSC019,Day 1,7,OP50
1259,84,91,RSC019,Day 1,13,OP50
1260,85,92,RSC019,Day 1,27,OP50
1261,86,93,RSC019,Day 1,27,OP50
1262,87,94,RSC019,Day 1,10,OP50
1263,88,95,RSC019,Day 1,13,OP50
1264,89,96,RSC019,Day 1,17,OP50
1265,90,97,RSC019,Day 1,14,OP50
1266,91,98,RSC019,Day 1,28,OP50
1267,92,99,RSC019,Day 1,18,OP50
1268,93,100,RSC019,Day 1,25,OP50
1269,94,101,RSC019,Day 1,19,OP50
1270,95,102,RSC019,Day 1,8,OP50
1271,96,103,RSC019,Day 1,26,OP50
1272,97,104,RSC019,Day 1,19,OP50
1273,98,105,RSC019,Day 1,18,OP50
1274,99,106,RSC019,Day 1,28,OP50
1275,100,107,RSC019,Day 1,12,OP50
1276,101,108,RSC019,Day 1,30,OP50
1277,102,109,RSC019,Day 1,16,OP50
1278,103,110,RSC019,Day 1,22,OP50
1279,104,111,RSC019,Day 1,17,OP50
1280,105,112,RSC019,Day 1,11,OP50
1281,106,114,RSC019,Day 1,31,OP50
1282,107,115,RSC019,Day 1,25,OP50
1283,108,116,RSC019,Day 1,34,OP50
1284,109,117,RSC019,Day 1,20,OP50
1285,110,1,RSC019,Day 2,84,OP50
1286,111,2,RSC019,Day 2,51,OP50
1287,112,3,RSC019,Day 2,45,OP50
1288,113,4,RSC019,Day 2,32,OP50
1289,114,5,RSC019,Day 2,21,OP50
1290,115,6,RSC019,Day 2,55,OP50
1291,116,7,RSC019,Day 2,14,OP50
1292,117,8,RSC019,Day 2,49,OP50
1293,118,9,RSC019,Day 2,30,OP50
1294,119,11,RSC019,Day 2,18,OP50
1295,120,12,RSC019,Day 2,8,OP50
1296,121,13,RSC019,Day 2,72,OP50
1297,122,14,RSC019,Day 2,22,OP50
1298,123,15,RSC019,Day 2,52,OP50
1299,124,16,RSC019,Day 2,60,OP50
1300,125,17,RSC019,Day 2,58,OP50
1301,126,18,RSC019,Day 2,76,OP50
1302,127,19,RSC019,Day 2,6,OP50
1303,128,21,RSC019,Day 2,10,OP50
1304,129,22,RSC019,Day 2,4,OP50
1305,130,23,RSC019,Day 2,35,OP50
1306,131,24,RSC019,Day 2,54,OP50
1307,132,25,RSC019,Day 2,25,OP50
1308,133,27,RSC019,Day 2,1,OP50
1309,134,28,RSC019,Day 2,21,OP50
1310,135,29,RSC019,Day 2,5,OP50
1311,136,31,RSC019,Day 2,38,OP50
1312,137,32,RSC019,Day 2,6,OP50
1313,138,33,RSC019,Day 2,28,OP50
1314,139,34,RSC019,Day 2,29,OP50
1315,140,35,RSC019,Day 2,9,OP50
1316,141,36,RSC019,Day 2,20,OP50
1317,142,37,RSC019,Day 2,67,OP50
1318,143,39,RSC019,Day 2,2,OP50
1319,144,40,RSC019,Day 2,50,OP50
1320,145,41,RSC019,Day 2,21,OP50
1321,146,42,RSC019,Day 2,9,OP50
1322,147,43,RSC019,Day 2,19,OP50
1323,148,44,RSC019,Day 2,67,OP50
1324,149,45,RSC019,Day 2,7,OP50
1325,150,46,RSC019,Day 2,29,OP50
1326,151,47,RSC019,Day 2,7,OP50
1327,152,48,RSC019,Day 2,4,OP50
1328,153,49,RSC019,Day 2,54,OP50
1329,154,50,RSC019,Day 2,49,OP50
1330,155,51,RSC019,Day 2,42,OP50
1331,156,52,RSC019,Day 2,46,OP50
1332,157,53,RSC019,Day 2,10,OP50
1333,158,54,RSC019,Day 2,33,OP50
1334,159,55,RSC019,Day 2,36,OP50
1335,160,56,RSC019,Day 2,59,OP50
1336,161,57,RSC019,Day 2,15,OP50
1337,162,58,RSC019,Day 2,12,OP50
1338,163,59,RSC019,Day 2,50,OP50
1339,164,60,RSC019,Day 2,58,OP50
1340,165,61,RSC019,Day 2,23,OP50
1341,166,62,RSC019,Day 2,59,OP50
1342,167,63,RSC019,Day 2,1,OP50
1343,168,64,RSC019,Day 2,99,OP50
1344,169,65,RSC019,Day 2,80,OP50
1345,170,67,RSC019,Day 2,57,OP50
1346,171,68,RSC019,Day 2,49,OP50
1347,172,69,RSC019,Day 2,28,OP50
1348,173,70,RSC019,Day 2,58,OP50
1349,174,71,RSC019,Day 2,66,OP50
1350,175,72,RSC019,Day 2,66,OP50
1351,176,73,RSC019,Day 2,70,OP50
1352,177,74,RSC019,Day 2,83,OP50
1353,178,75,RSC019,Day 2,71,OP50
1354,179,76,RSC019,Day 2,14,OP50
1355,180,77,RSC019,Day 2,61,OP50
1356,181,78,RSC019,Day 2,68,OP50
1357,182,79,RSC019,Day 2,74,OP50
1358,183,80,RSC019,Day 2,54,OP50
1359,184,81,RSC019,Day 2,76,OP50
1360,185,82,RSC019,Day 2,69,OP50
1361,186,83,RSC019,Day 2,53,OP50
1362,187,84,RSC019,Day 2,23,OP50
1363,188,85,RSC019,Day 2,42,OP50
1364,189,86,RSC019,Day 2,56,OP50
1365,190,87,RSC019,Day 2,91,OP50
1366,191,88,RSC019,Day 2,61,OP50
1367,192,89,RSC019,Day 2,25,OP50
1368,193,90,RSC019,Day 2,11,OP50
1369,194,91,RSC019,Day 2,39,OP50
1370,195,92,RSC019,Day 2,70,OP50
1371,196,93,RSC019,Day 2,77,OP50
1372,197,94,RSC019,Day 2,42,OP50
1373,198,95,RSC019,Day 2,64,OP50
1374,199,96,RSC019,Day 2,54,OP50
1375,200,97,RSC019,Day 2,55,OP50
1376,201,98,RSC019,Day 2,43,OP50
1377,202,99,RSC019,Day 2,64,OP50
1378,203,100,RSC019,Day 2,68,OP50
1379,204,101,RSC019,Day 2,61,OP50
1380,205,102,RSC019,Day 2,67,OP50
1381,206,103,RSC019,Day 2,57,OP50
1382,207,104,RSC019,Day 2,43,OP50
1383,208,105,RSC019,Day 2,64,OP50
1384,209,106,RSC019,Day 2,93,OP50
1385,210,107,RSC019,Day 2,51,OP50
1386,211,108,RSC019,Day 2,67,OP50
1387,212,109,RSC019,Day 2,66,OP50
1388,213,110,RSC019,Day 2,34,OP50
1389,214,111,RSC019,Day 2,19,OP50
1390,215,112,RSC019,Day 2,62,OP50
1391,216,114,RSC019,Day 2,83,OP50
1392,217,115,RSC019,Day 2,87,OP50
1393,218,116,RSC019,Day 2,59,OP50
1394,219,117,RSC019,Day 2,68,OP50
1395,220,1,RSC019,Day 3,54,OP50
1396,221,2,RSC019,Day 3,35,OP50
1397,222,3,RSC019,Day 3,50,OP50
1398,223,4,RSC019,Day 3,52,OP50
1399,224,5,RSC019,Day 3,39,OP50
1400,225,6,RSC019,Day 3,36,OP50
1401,226,7,RSC019,Day 3,30,OP50
1402,227,8,RSC019,Day 3,14,OP50
1403,228,9,RSC019,Day 3,32,OP50
1404,229,11,RSC019,Day 3,34,OP50
1405,230,12,RSC019,Day 3,3,OP50
1406,231,13,RSC019,Day 3,53,OP50
1407,232,14,RSC019,Day 3,20,OP50
1408,233,15,RSC019,Day 3,38,OP50
1409,234,16,RSC019,Day 3,32,OP50
1410,235,17,RSC019,Day 3,35,OP50
1411,236,18,RSC019,Day 3,41,OP50
1412,237,19,RSC019,Day 3,17,OP50
1413,238,21,RSC019,Day 3,32,OP50
1414,239,22,RSC019,Day 3,19,OP50
1415,240,23,RSC019,Day 3,44,OP50
1416,241,24,RSC019,Day 3,35,OP50
1417,242,25,RSC019,Day 3,11,OP50
1418,243,27,RSC019,Day 3,26,OP50
1419,244,28,RSC019,Day 3,21,OP50
1420,245,29,RSC019,Day 3,10,OP50
1421,246,31,RSC019,Day 3,2,OP50
1422,247,32,RSC019,Day 3,18,OP50
1423,248,33,RSC019,Day 3,39,OP50
1424,249,34,RSC019,Day 3,42,OP50
1425,250,35,RSC019,Day 3,32,OP50
1426,251,36,RSC019,Day 3,27,OP50
1427,252,37,RSC019,Day 3,30,OP50
1428,253,39,RSC019,Day 3,52,OP50
1429,254,40,RSC019,Day 3,50,OP50
1430,255,41,RSC019,Day 3,14,OP50
1431,256,42,RSC019,Day 3,30,OP50
1432,257,43,RSC019,Day 3,19,OP50
1433,258,44,RSC019,Day 3,25,OP50
1434,259,45,RSC019,Day 3,27,OP50
1435,260,46,RSC019,Day 3,19,OP50
1436,261,47,RSC019,Day 3,3,OP50
1437,262,48,RSC019,Day 3,14,OP50
1438,263,49,RSC019,Day 3,44,OP50
1439,264,50,RSC019,Day 3,3,OP50
1440,265,51,RSC019,Day 3,38,OP50
1441,266,52,RSC019,Day 3,47,OP50
1442,267,53,RSC019,Day 3,25,OP50
1443,268,54,RSC019,Day 3,29,OP50
1444,269,55,RSC019,Day 3,56,OP50
1445,270,56,RSC019,Day 3,43,OP50
1446,271,57,RSC019,Day 3,33,OP50
1447,272,58,RSC019,Day 3,45,OP50
1448,273,59,RSC019,Day 3,46,OP50
1449,274,60,RSC019,Day 3,55,OP50
1450,275,61,RSC019,Day 3,15,OP50
1451,276,62,RSC019,Day 3,51,OP50
1452,277,63,RSC019,Day 3,0,OP50
1453,278,64,RSC019,Day 3,38,OP50
1454,279,65,RSC019,Day 3,64,OP50
1455,280,67,RSC019,Day 3,46,OP50
1456,281,68,RSC019,Day 3,18,OP50
1457,282,69,RSC019,Day 3,15,OP50
1458,283,70,RSC019,Day 3,61,OP50
1459,284,71,RSC019,Day 3,73,OP50
1460,285,72,RSC019,Day 3,17,OP50
1461,286,73,RSC019,Day 3,34,OP50
1462,287,74,RSC019,Day 3,39,OP50
1463,288,75,RSC019,Day 3,73,OP50
1464,289,76,RSC019,Day 3,22,OP50
1465,290,77,RSC019,Day 3,67,OP50
1466,291,78,RSC019,Day 3,22,OP50
1467,292,79,RSC019,Day 3,76,OP50
1468,293,80,RSC019,Day 3,40,OP50
1469,294,81,RSC019,Day 3,23,OP50
1470,295,82,RSC019,Day 3,56,OP50
1471,296,83,RSC019,Day 3,45,OP50
1472,297,84,RSC019,Day 3,62,OP50
1473,298,85,RSC019,Day 3,68,OP50
1474,299,86,RSC019,Day 3,70,OP50
1475,300,87,RSC019,Day 3,41,OP50
1476,301,88,RSC019,Day 3,54,OP50
1477,302,89,RSC019,Day 3,40,OP50
1478,303,90,RSC019,Day 3,22,OP50
1479,304,91,RSC019,Day 3,59,OP50
1480,305,92,RSC019,Day 3,16,OP50
1481,306,93,RSC019,Day 3,70,OP50
1482,307,94,RSC019,Day 3,16,OP50
1483,308,95,RSC019,Day 3,63,OP50
1484,309,96,RSC019,Day 3,57,OP50
1485,310,97,RSC019,Day 3,20,OP50
1486,311,98,RSC019,Day 3,40,OP50
1487,312,99,RSC019,Day 3,63,OP50
1488,313,100,RSC019,Day 3,47,OP50
1489,314,101,RSC019,Day 3,60,OP50
1490,315,102,RSC019,Day 3,70,OP50
1491,316,103,RSC019,Day 3,30,OP50
1492,317,104,RSC019,Day 3,59,OP50
1493,318,105,RSC019,Day 3,71,OP50
1494,319,106,RSC019,Day 3,70,OP50
1495,320,107,RSC019,Day 3,65,OP50
1496,321,108,RSC019,Day 3,54,OP50
1497,322,109,RSC019,Day 3,39,OP50
1498,323,110,RSC019,Day 3,26,OP50
1499,324,111,RSC019,Day 3,34,OP50
1500,325,112,RSC019,Day 3,33,OP50
1501,326,114,RSC019,Day 3,48,OP50
1502,327,115,RSC019,Day 3,83,OP50
1503,328,116,RSC019,Day 3,47,OP50
1504,329,117,RSC019,Day 3,70,OP50
1505,330,1,RSC019,Day 4,0,OP50
1506,331,2,RSC019,Day 4,3,OP50
1507,332,3,RSC019,Day 4,10,OP50
1508,333,4,RSC019,Day 4,5,OP50
1509,334,5,RSC019,Day 4,26,OP50
1510,335,6,RSC019,Day 4,23,OP50
1511,336,7,RSC019,Day 4,27,OP50
1512,337,8,RSC019,Day 4,0,OP50
1513,338,9,RSC019,Day 4,0,OP50
1514,339,11,RSC019,Day 4,6,OP50
1515,340,12,RSC019,Day 4,0,OP50
1516,341,13,RSC019,Day 4,2,OP50
1517,342,14,RSC019,Day 4,0,OP50
1518,343,15,RSC019,Day 4,1,OP50
1519,344,16,RSC019,Day 4,0,OP50
1520,345,17,RSC019,Day 4,4,OP50
1521,346,18,RSC019,Day 4,16,OP50
1522,347,19,RSC019,Day 4,0,OP50
1523,348,21,RSC019,Day 4,8,OP50
1524,349,22,RSC019,Day 4,5,OP50
1525,350,23,RSC019,Day 4,4,OP50
1526,351,24,RSC019,Day 4,1,OP50
1527,352,25,RSC019,Day 4,0,OP50
1528,353,27,RSC019,Day 4,2,OP50
1529,354,28,RSC019,Day 4,4,OP50
1530,355,29,RSC019,Day 4,5,OP50
1531,356,31,RSC019,Day 4,0,OP50
1532,357,32,RSC019,Day 4,1,OP50
1533,358,33,RSC019,Day 4,14,OP50
1534,359,34,RSC019,Day 4,2,OP50
1535,360,35,RSC019,Day 4,38,OP50
1536,361,36,RSC019,Day 4,13,OP50
1537,362,37,RSC019,Day 4,0,OP50
1538,363,39,RSC019,Day 4,10,OP50
1539,364,40,RSC019,Day 4,7,OP50
1540,365,41,RSC019,Day 4,10,OP50
1541,366,42,RSC019,Day 4,0,OP50
1542,367,43,RSC019,Day 4,4,OP50
1543,368,44,RSC019,Day 4,0,OP50
1544,369,45,RSC019,Day 4,7,OP50
1545,370,46,RSC019,Day 4,4,OP50
1546,371,47,RSC019,Day 4,0,OP50
1547,372,48,RSC019,Day 4,0,OP50
1548,373,49,RSC019,Day 4,0,OP50
1549,374,50,RSC019,Day 4,0,OP50
1550,375,51,RSC019,Day 4,2,OP50
1551,376,52,RSC019,Day 4,51,OP50
1552,377,53,RSC019,Day 4,15,OP50
1553,378,54,RSC019,Day 4,1,OP50
1554,379,55,RSC019,Day 4,0,OP50
1555,380,56,RSC019,Day 4,4,OP50
1556,381,57,RSC019,Day 4,4,OP50
1557,382,58,RSC019,Day 4,5,OP50
1558,383,59,RSC019,Day 4,7,OP50
1559,384,60,RSC019,Day 4,2,OP50
1560,385,61,RSC019,Day 4,4,OP50
1561,386,62,RSC019,Day 4,15,OP50
1562,387,63,RSC019,Day 4,0,OP50
1563,388,64,RSC019,Day 4,0,OP50
1564,389,65,RSC019,Day 4,12,OP50
1565,390,67,RSC019,Day 4,5,OP50
1566,391,68,RSC019,Day 4,8,OP50
1567,392,69,RSC019,Day 4,0,OP50
1568,393,70,RSC019,Day 4,2,OP50
1569,394,71,RSC019,Day 4,9,OP50
1570,395,72,RSC019,Day 4,0,OP50
1571,396,73,RSC019,Day 4,0,OP50
1572,397,74,RSC019,Day 4,9,OP50
1573,398,75,RSC019,Day 4,18,OP50
1574,399,76,RSC019,Day 4,5,OP50
1575,400,77,RSC019,Day 4,5,OP50
1576,401,78,RSC019,Day 4,0,OP50
1577,402,79,RSC019,Day 4,20,OP50
1578,403,80,RSC019,Day 4,0,OP50
1579,404,81,RSC019,Day 4,1,OP50
1580,405,82,RSC019,Day 4,11,OP50
1581,406,83,RSC019,Day 4,5,OP50
1582,407,84,RSC019,Day 4,13,OP50
1583,408,85,RSC019,Day 4,0,OP50
1584,409,86,RSC019,Day 4,0,OP50
1585,410,87,RSC019,Day 4,1,OP50
1586,411,88,RSC019,Day 4,2,OP50
1587,412,89,RSC019,Day 4,4,OP50
1588,413,90,RSC019,Day 4,1,OP50
1589,414,91,RSC019,Day 4,34,OP50
1590,415,92,RSC019,Day 4,0,OP50
1591,416,93,RSC019,Day 4,12,OP50
1592,417,94,RSC019,Day 4,7,OP50
1593,418,95,RSC019,Day 4,5,OP50
1594,419,96,RSC019,Day 4,39,OP50
1595,420,97,RSC019,Day 4,5,OP50
1596,421,98,RSC019,Day 4,21,OP50
1597,422,99,RSC019,Day 4,29,OP50
1598,423,100,RSC019,Day 4,8,OP50
1599,424,101,RSC019,Day 4,1,OP50
1600,425,102,RSC019,Day 4,15,OP50
1601,426,103,RSC019,Day 4,21,OP50
1602,427,104,RSC019,Day 4,11,OP50
1603,428,105,RSC019,Day 4,24,OP50
1604,429,106,RSC019,Day 4,1,OP50
1605,430,107,RSC019,Day 4,13,OP50
1606,431,108,RSC019,Day 4,3,OP50
1607,432,109,RSC019,Day 4,1,OP50
1608,433,110,RSC019,Day 4,11,OP50
1609,434,111,RSC019,Day 4,1,OP50
1610,435,112,RSC019,Day 4,11,OP50
1611,436,114,RSC019,Day 4,6,OP50
1612,437,115,RSC019,Day 4,0,OP50
1613,438,116,RSC019,Day 4,13,OP50
1614,439,117,RSC019,Day 4,27,OP50
1615,440,1,RSC019,Day 5,0,OP50
1616,441,2,RSC019,Day 5,0,OP50
1617,442,3,RSC019,Day 5,0,OP50
1618,443,4,RSC019,Day 5,0,OP50
1619,444,5,RSC019,Day 5,4,OP50
1620,445,6,RSC019,Day 5,4,OP50
1621,446,7,RSC019,Day 5,2,OP50
1622,447,8,RSC019,Day 5,1,OP50
1623,448,9,RSC019,Day 5,1,OP50
1624,449,11,RSC019,Day 5,75,OP50
1625,450,12,RSC019,Day 5,0,OP50
1626,451,13,RSC019,Day 5,0,OP50
1627,452,14,RSC019,Day 5,0,OP50
1628,453,15,RSC019,Day 5,20,OP50
1629,454,16,RSC019,Day 5,1,OP50
1630,455,17,RSC019,Day 5,1,OP50
1631,456,18,RSC019,Day 5,2,OP50
1632,457,19,RSC019,Day 5,0,OP50
1633,458,21,RSC019,Day 5,1,OP50
1634,459,22,RSC019,Day 5,0,OP50
1635,460,23,RSC019,Day 5,1,OP50
1636,461,24,RSC019,Day 5,0,OP50
1637,462,25,RSC019,Day 5,0,OP50
1638,463,27,RSC019,Day 5,0,OP50
1639,464,28,RSC019,Day 5,0,OP50
1640,465,29,RSC019,Day 5,0,OP50
1641,466,31,RSC019,Day 5,0,OP50
1642,467,32,RSC019,Day 5,0,OP50
1643,468,33,RSC019,Day 5,34,OP50
1644,469,34,RSC019,Day 5,0,OP50
1645,470,35,RSC019,Day 5,2,OP50
1646,471,36,RSC019,Day 5,2,OP50
1647,472,37,RSC019,Day 5,0,OP50
1648,473,39,RSC019,Day 5,0,OP50
1649,474,40,RSC019,Day 5,0,OP50
1650,475,41,RSC019,Day 5,6,OP50
1651,476,42,RSC019,Day 5,2,OP50
1652,477,43,RSC019,Day 5,0,OP50
1653,478,44,RSC019,Day 5,1,OP50
1654,479,45,RSC019,Day 5,0,OP50
1655,480,46,RSC019,Day 5,0,OP50
1656,481,47,RSC019,Day 5,0,OP50
1657,482,48,RSC019,Day 5,0,OP50
1658,483,49,RSC019,Day 5,0,OP50
1659,484,50,RSC019,Day 5,0,OP50
1660,485,51,RSC019,Day 5,1,OP50
1661,486,52,RSC019,Day 5,17,OP50
1662,487,53,RSC019,Day 5,1,OP50
1663,488,54,RSC019,Day 5,1,OP50
1664,489,55,RSC019,Day 5,0,OP50
1665,490,56,RSC019,Day 5,0,OP50
1666,491,57,RSC019,Day 5,0,OP50
1667,492,58,RSC019,Day 5,17,OP50
1668,493,59,RSC019,Day 5,3,OP50
1669,494,60,RSC019,Day 5,0,OP50
1670,495,61,RSC019,Day 5,4,OP50
1671,496,62,RSC019,Day 5,2,OP50
1672,497,63,RSC019,Day 5,0,OP50
1673,498,64,RSC019,Day 5,0,OP50
1674,499,65,RSC019,Day 5,0,OP50
1675,500,67,RSC019,Day 5,0,OP50
1676,501,68,RSC019,Day 5,0,OP50
1677,502,69,RSC019,Day 5,0,OP50
1678,503,70,RSC019,Day 5,34,OP50
1679,504,71,RSC019,Day 5,0,OP50
1680,505,72,RSC019,Day 5,0,OP50
1681,506,73,RSC019,Day 5,0,OP50
1682,507,74,RSC019,Day 5,0,OP50
1683,508,75,RSC019,Day 5,60,OP50
1684,509,76,RSC019,Day 5,0,OP50
1685,510,77,RSC019,Day 5,0,OP50
1686,511,78,RSC019,Day 5,27,OP50
1687,512,79,RSC019,Day 5,0,OP50
1688,513,80,RSC019,Day 5,0,OP50
1689,514,81,RSC019,Day 5,1,OP50
1690,515,82,RSC019,Day 5,1,OP50
1691,516,83,RSC019,Day 5,0,OP50
1692,517,84,RSC019,Day 5,0,OP50
1693,518,85,RSC019,Day 5,0,OP50
1694,519,86,RSC019,Day 5,0,OP50
1695,520,87,RSC019,Day 5,0,OP50
1696,521,88,RSC019,Day 5,1,OP50
1697,522,89,RSC019,Day 5,4,OP50
1698,523,90,RSC019,Day 5,25,OP50
1699,524,91,RSC019,Day 5,9,OP50
1700,525,92,RSC019,Day 5,0,OP50
1701,526,93,RSC019,Day 5,0,OP50
1702,527,94,RSC019,Day 5,2,OP50
1703,528,95,RSC019,Day 5,0,OP50
1704,529,96,RSC019,Day 5,0,OP50
1705,530,97,RSC019,Day 5,0,OP50
1706,531,98,RSC019,Day 5,5,OP50
1707,532,99,RSC019,Day 5,1,OP50
1708,533,100,RSC019,Day 5,0,OP50
1709,534,101,RSC019,Day 5,0,OP50
1710,535,102,RSC019,Day 5,0,OP50
1711,536,103,RSC019,Day 5,4,OP50
1712,537,104,RSC019,Day 5,0,OP50
1713,538,105,RSC019,Day 5,0,OP50
1714,539,106,RSC019,Day 5,0,OP50
1715,540,107,RSC019,Day 5,0,OP50
1716,541,108,RSC019,Day 5,0,OP50
1717,542,109,RSC019,Day 5,0,OP50
1718,543,110,RSC019,Day 5,17,OP50
1719,544,111,RSC019,Day 5,0,OP50
1720,545,112,RSC019,Day 5,32,OP50
1721,546,114,RSC019,Day 5,2,OP50
1722,547,115,RSC019,Day 5,0,OP50
1723,548,116,RSC019,Day 5,70,OP50
1724,549,117,RSC019,Day 5,0,OP50
